sdss_id,mjd,fieldid,spec_file,spectrum_pk,snr,g_mag,bp_mag,rp_mag,ra,dec,n_exp,exptime,colour,sep_deg
80362348,59210,15129,spec-015129-59210-4594952304.fits,212110,49.55462,16.463297,16.746046,16.006138,170.5653,10.433615,5,4500.0,0.7399082,0.2513362129376393
80362348,59211,15129,spec-015129-59211-4594952304.fits,213084,12.699377,16.463297,16.746046,16.006138,170.5653,10.433615,1,900.0,0.7399082,0.2513362129376393
80362348,59212,15129,spec-015129-59212-4594952304.fits,215511,46.8292,16.463297,16.746046,16.006138,170.5653,10.433615,6,5400.0,0.7399082,0.2513362129376393
80362348,59214,15129,spec-015129-59214-4594952304.fits,430284,25.191223,16.463297,16.746046,16.006138,170.5653,10.433615,6,5400.0,0.7399082,0.2513362129376393
80362348,59215,15129,spec-015129-59215-4594952304.fits,431749,43.095924,16.463297,16.746046,16.006138,170.5653,10.433615,6,5400.0,0.7399082,0.2513362129376393
80362348,59216,15129,spec-015129-59216-4594952304.fits,433697,42.41061,16.463297,16.746046,16.006138,170.5653,10.433615,4,3600.0,0.7399082,0.2513362129376393
80362348,59217,15129,spec-015129-59217-4594952304.fits,803661,10.186046,16.463297,16.746046,16.006138,170.5653,10.433615,1,900.0,0.7399082,0.2513362129376393
80362348,59220,15129,spec-015129-59220-4594952304.fits,976169,24.776545,16.463297,16.746046,16.006138,170.5653,10.433615,2,1800.0,0.7399082,0.2513362129376393
80362348,59221,15129,spec-015129-59221-4594952304.fits,8845,37.44063,16.463297,16.746046,16.006138,170.5653,10.433615,3,2700.0,0.7399082,0.2513362129376393
80362348,59248,15129,spec-015129-59248-4594952304.fits,254319,46.709255,16.463297,16.746046,16.006138,170.5653,10.433615,4,3600.0,0.7399082,0.2513362129376393
80362348,59250,15129,spec-015129-59250-4594952304.fits,258686,33.315086,16.463297,16.746046,16.006138,170.5653,10.433615,4,3600.0,0.7399082,0.2513362129376393
80362348,59278,15129,spec-015129-59278-4594952304.fits,300440,45.039288,16.463297,16.746046,16.006138,170.5653,10.433615,4,3600.0,0.7399082,0.2513362129376393
80362649,59210,15129,spec-015129-59210-4594995150.fits,212149,64.053856,15.206585,15.509892,14.732492,170.1513,10.790846,5,4500.0,0.7774,0.32434212948067676
80362649,59211,15129,spec-015129-59211-4594995150.fits,213123,23.47542,15.206585,15.509892,14.732492,170.1513,10.790846,1,900.0,0.7774,0.32434212948067676
80362649,59212,15129,spec-015129-59212-4594995150.fits,215550,67.73637,15.206585,15.509892,14.732492,170.1513,10.790846,6,5400.0,0.7774,0.32434212948067676
80362649,59214,15129,spec-015129-59214-4594995150.fits,430324,53.44301,15.206585,15.509892,14.732492,170.1513,10.790846,6,5400.0,0.7774,0.32434212948067676
80362649,59215,15129,spec-015129-59215-4594995150.fits,431789,67.02563,15.206585,15.509892,14.732492,170.1513,10.790846,6,5400.0,0.7774,0.32434212948067676
80362649,59216,15129,spec-015129-59216-4594995150.fits,433737,57.725643,15.206585,15.509892,14.732492,170.1513,10.790846,4,3600.0,0.7774,0.32434212948067676
80362649,59217,15129,spec-015129-59217-4594995150.fits,803700,21.955141,15.206585,15.509892,14.732492,170.1513,10.790846,1,900.0,0.7774,0.32434212948067676
80362649,59220,15129,spec-015129-59220-4594995150.fits,976208,37.79745,15.206585,15.509892,14.732492,170.1513,10.790846,2,1800.0,0.7774,0.32434212948067676
80362649,59221,15129,spec-015129-59221-4594995150.fits,8884,50.155506,15.206585,15.509892,14.732492,170.1513,10.790846,3,2700.0,0.7774,0.32434212948067676
80362649,59248,15129,spec-015129-59248-4594995150.fits,254356,58.840534,15.206585,15.509892,14.732492,170.1513,10.790846,4,3600.0,0.7774,0.32434212948067676
80362649,59250,15129,spec-015129-59250-4594995150.fits,258723,50.266026,15.206585,15.509892,14.732492,170.1513,10.790846,4,3600.0,0.7774,0.32434212948067676
80362649,59278,15129,spec-015129-59278-4594995150.fits,300477,56.15085,15.206585,15.509892,14.732492,170.1513,10.790846,4,3600.0,0.7774,0.32434212948067676
80364554,59210,15129,spec-015129-59210-4594997285.fits,212164,55.551155,16.089773,16.36048,15.657262,170.4553,10.960337,5,4500.0,0.7032175,0.3008864527666207
80364554,59211,15129,spec-015129-59211-4594997285.fits,213138,15.947726,16.089773,16.36048,15.657262,170.4553,10.960337,1,900.0,0.7032175,0.3008864527666207
80364554,59212,15129,spec-015129-59212-4594997285.fits,215565,55.30091,16.089773,16.36048,15.657262,170.4553,10.960337,6,5400.0,0.7032175,0.3008864527666207
80364554,59214,15129,spec-015129-59214-4594997285.fits,430339,33.900814,16.089773,16.36048,15.657262,170.4553,10.960337,6,5400.0,0.7032175,0.3008864527666207
80364554,59215,15129,spec-015129-59215-4594997285.fits,431804,51.304543,16.089773,16.36048,15.657262,170.4553,10.960337,6,5400.0,0.7032175,0.3008864527666207
80364554,59216,15129,spec-015129-59216-4594997285.fits,433752,48.397038,16.089773,16.36048,15.657262,170.4553,10.960337,4,3600.0,0.7032175,0.3008864527666207
80364554,59217,15129,spec-015129-59217-4594997285.fits,803715,13.877673,16.089773,16.36048,15.657262,170.4553,10.960337,1,900.0,0.7032175,0.3008864527666207
80364554,59220,15129,spec-015129-59220-4594997285.fits,976223,29.906168,16.089773,16.36048,15.657262,170.4553,10.960337,2,1800.0,0.7032175,0.3008864527666207
80364554,59221,15129,spec-015129-59221-4594997285.fits,8899,42.79432,16.089773,16.36048,15.657262,170.4553,10.960337,3,2700.0,0.7032175,0.3008864527666207
80364554,59248,15129,spec-015129-59248-4594997285.fits,254371,52.079926,16.089773,16.36048,15.657262,170.4553,10.960337,4,3600.0,0.7032175,0.3008864527666207
80364554,59250,15129,spec-015129-59250-4594997285.fits,258738,40.57654,16.089773,16.36048,15.657262,170.4553,10.960337,4,3600.0,0.7032175,0.3008864527666207
80364554,59278,15129,spec-015129-59278-4594997285.fits,300492,46.467484,16.089773,16.36048,15.657262,170.4553,10.960337,4,3600.0,0.7032175,0.3008864527666207
80611975,59210,15129,spec-015129-59210-4594994731.fits,212144,64.33059,15.131277,15.327594,14.799124,169.81816,10.600815,5,4500.0,0.52847004,0.6268033026772422
80611975,59211,15129,spec-015129-59211-4594994731.fits,213118,23.563808,15.131277,15.327594,14.799124,169.81816,10.600815,1,900.0,0.52847004,0.6268033026772422
80611975,59212,15129,spec-015129-59212-4594994731.fits,215545,67.71985,15.131277,15.327594,14.799124,169.81816,10.600815,6,5400.0,0.52847004,0.6268033026772422
80611975,59214,15129,spec-015129-59214-4594994731.fits,430319,53.26106,15.131277,15.327594,14.799124,169.81816,10.600815,6,5400.0,0.52847004,0.6268033026772422
80611975,59215,15129,spec-015129-59215-4594994731.fits,431784,66.90662,15.131277,15.327594,14.799124,169.81816,10.600815,6,5400.0,0.52847004,0.6268033026772422
80611975,59216,15129,spec-015129-59216-4594994731.fits,433732,57.56813,15.131277,15.327594,14.799124,169.81816,10.600815,4,3600.0,0.52847004,0.6268033026772422
80611975,59217,15129,spec-015129-59217-4594994731.fits,803695,22.08429,15.131277,15.327594,14.799124,169.81816,10.600815,1,900.0,0.52847004,0.6268033026772422
80611975,59220,15129,spec-015129-59220-4594994731.fits,976203,37.40171,15.131277,15.327594,14.799124,169.81816,10.600815,2,1800.0,0.52847004,0.6268033026772422
80611975,59221,15129,spec-015129-59221-4594994731.fits,8879,49.798542,15.131277,15.327594,14.799124,169.81816,10.600815,3,2700.0,0.52847004,0.6268033026772422
80611975,59248,15129,spec-015129-59248-4594994731.fits,254352,59.61813,15.131277,15.327594,14.799124,169.81816,10.600815,4,3600.0,0.52847004,0.6268033026772422
80611975,59250,15129,spec-015129-59250-4594994731.fits,258719,51.763336,15.131277,15.327594,14.799124,169.81816,10.600815,4,3600.0,0.52847004,0.6268033026772422
80611975,59278,15129,spec-015129-59278-4594994731.fits,300473,57.052826,15.131277,15.327594,14.799124,169.81816,10.600815,4,3600.0,0.52847004,0.6268033026772422
80613906,59210,15129,spec-015129-59210-4594997566.fits,212166,51.13339,16.315767,16.583147,15.88171,170.33955,11.307505,5,4500.0,0.701437,0.6575655118856926
80613906,59211,15129,spec-015129-59211-4594997566.fits,213140,13.803113,16.315767,16.583147,15.88171,170.33955,11.307505,1,900.0,0.701437,0.6575655118856926
80613906,59212,15129,spec-015129-59212-4594997566.fits,215567,49.401043,16.315767,16.583147,15.88171,170.33955,11.307505,6,5400.0,0.701437,0.6575655118856926
80613906,59214,15129,spec-015129-59214-4594997566.fits,430341,28.637545,16.315767,16.583147,15.88171,170.33955,11.307505,6,5400.0,0.701437,0.6575655118856926
80613906,59215,15129,spec-015129-59215-4594997566.fits,431806,43.965942,16.315767,16.583147,15.88171,170.33955,11.307505,6,5400.0,0.701437,0.6575655118856926
80613906,59216,15129,spec-015129-59216-4594997566.fits,433754,43.688377,16.315767,16.583147,15.88171,170.33955,11.307505,4,3600.0,0.701437,0.6575655118856926
80613906,59217,15129,spec-015129-59217-4594997566.fits,803717,11.38837,16.315767,16.583147,15.88171,170.33955,11.307505,1,900.0,0.701437,0.6575655118856926
80613906,59220,15129,spec-015129-59220-4594997566.fits,976225,26.08352,16.315767,16.583147,15.88171,170.33955,11.307505,2,1800.0,0.701437,0.6575655118856926
80613906,59221,15129,spec-015129-59221-4594997566.fits,8901,38.812675,16.315767,16.583147,15.88171,170.33955,11.307505,3,2700.0,0.701437,0.6575655118856926
80613906,59248,15129,spec-015129-59248-4594997566.fits,254373,48.31036,16.315767,16.583147,15.88171,170.33955,11.307505,4,3600.0,0.701437,0.6575655118856926
80613906,59250,15129,spec-015129-59250-4594997566.fits,258740,35.763634,16.315767,16.583147,15.88171,170.33955,11.307505,4,3600.0,0.701437,0.6575655118856926
80613906,59278,15129,spec-015129-59278-4594997566.fits,300494,42.973206,16.315767,16.583147,15.88171,170.33955,11.307505,4,3600.0,0.701437,0.6575655118856926
80362649,59238,15193,spec-015193-59238-4594995150.fits,246108,41.35641,15.206585,15.509892,14.732492,170.1513,10.790846,2,1800.0,0.7774,0.32434212948067676
80362649,59243,15193,spec-015193-59243-4594995150.fits,248535,11.783907,15.206585,15.509892,14.732492,170.1513,10.790846,3,2700.0,0.7774,0.32434212948067676
80362649,59247,15193,spec-015193-59247-4594995150.fits,252917,37.037766,15.206585,15.509892,14.732492,170.1513,10.790846,2,1800.0,0.7774,0.32434212948067676
80362649,59248,15193,spec-015193-59248-4594995150.fits,255342,58.962975,15.206585,15.509892,14.732492,170.1513,10.790846,4,3600.0,0.7774,0.32434212948067676
80362649,59265,15193,spec-015193-59265-4594995150.fits,276247,57.08151,15.206585,15.509892,14.732492,170.1513,10.790846,4,3600.0,0.7774,0.32434212948067676
80362649,59267,15193,spec-015193-59267-4594995150.fits,450289,60.261227,15.206585,15.509892,14.732492,170.1513,10.790846,5,4500.0,0.7774,0.32434212948067676
80362649,59268,15193,spec-015193-59268-4594995150.fits,450781,53.20916,15.206585,15.509892,14.732492,170.1513,10.790846,4,3600.0,0.7774,0.32434212948067676
80362649,59269,15193,spec-015193-59269-4594995150.fits,637256,64.57083,15.206585,15.509892,14.732492,170.1513,10.790846,5,4500.0,0.7774,0.32434212948067676
80362649,59270,15193,spec-015193-59270-4594995150.fits,980105,58.013348,15.206585,15.509892,14.732492,170.1513,10.790846,4,3600.0,0.7774,0.32434212948067676
80362649,59271,15193,spec-015193-59271-4594995150.fits,18621,57.591263,15.206585,15.509892,14.732492,170.1513,10.790846,5,4500.0,0.7774,0.32434212948067676
80362649,59275,15193,spec-015193-59275-4594995150.fits,294177,67.467064,15.206585,15.509892,14.732492,170.1513,10.790846,6,5400.0,0.7774,0.32434212948067676
80362649,59276,15193,spec-015193-59276-4594995150.fits,296130,56.040558,15.206585,15.509892,14.732492,170.1513,10.790846,4,3600.0,0.7774,0.32434212948067676
80362649,59277,15193,spec-015193-59277-4594995150.fits,299526,37.79844,15.206585,15.509892,14.732492,170.1513,10.790846,2,1800.0,0.7774,0.32434212948067676
80364633,59238,15193,spec-015193-59238-4594997780.fits,246136,43.9845,14.532402,14.748296,14.124442,170.80188,11.012312,2,1800.0,0.6238537,0.49177861238886217
80364633,59243,15193,spec-015193-59243-4594997780.fits,248563,26.864422,14.532402,14.748296,14.124442,170.80188,11.012312,3,2700.0,0.6238537,0.49177861238886217
80364633,59247,15193,spec-015193-59247-4594997780.fits,252945,43.283913,14.532402,14.748296,14.124442,170.80188,11.012312,2,1800.0,0.6238537,0.49177861238886217
80364633,59248,15193,spec-015193-59248-4594997780.fits,255370,59.85913,14.532402,14.748296,14.124442,170.80188,11.012312,4,3600.0,0.6238537,0.49177861238886217
80364633,59265,15193,spec-015193-59265-4594997780.fits,276275,61.47531,14.532402,14.748296,14.124442,170.80188,11.012312,4,3600.0,0.6238537,0.49177861238886217
80364633,59267,15193,spec-015193-59267-4594997780.fits,450317,64.10572,14.532402,14.748296,14.124442,170.80188,11.012312,5,4500.0,0.6238537,0.49177861238886217
80364633,59268,15193,spec-015193-59268-4594997780.fits,450809,57.598137,14.532402,14.748296,14.124442,170.80188,11.012312,4,3600.0,0.6238537,0.49177861238886217
80364633,59269,15193,spec-015193-59269-4594997780.fits,637284,68.95873,14.532402,14.748296,14.124442,170.80188,11.012312,5,4500.0,0.6238537,0.49177861238886217
80364633,59270,15193,spec-015193-59270-4594997780.fits,980133,61.78045,14.532402,14.748296,14.124442,170.80188,11.012312,4,3600.0,0.6238537,0.49177861238886217
80364633,59271,15193,spec-015193-59271-4594997780.fits,18649,62.987823,14.532402,14.748296,14.124442,170.80188,11.012312,5,4500.0,0.6238537,0.49177861238886217
80364633,59275,15193,spec-015193-59275-4594997780.fits,294204,69.83339,14.532402,14.748296,14.124442,170.80188,11.012312,6,5400.0,0.6238537,0.49177861238886217
80364633,59276,15193,spec-015193-59276-4594997780.fits,296157,58.28854,14.532402,14.748296,14.124442,170.80188,11.012312,4,3600.0,0.6238537,0.49177861238886217
80364633,59277,15193,spec-015193-59277-4594997780.fits,299553,41.440002,14.532402,14.748296,14.124442,170.80188,11.012312,2,1800.0,0.6238537,0.49177861238886217
80364730,59238,15193,spec-015193-59238-4594998032.fits,246138,42.944202,14.629663,14.870947,14.2202835,170.88754,11.218806,2,1800.0,0.6506634,0.7034206741514031
80364730,59243,15193,spec-015193-59243-4594998032.fits,248565,18.046337,14.629663,14.870947,14.2202835,170.88754,11.218806,3,2700.0,0.6506634,0.7034206741514031
80364730,59247,15193,spec-015193-59247-4594998032.fits,252947,40.670734,14.629663,14.870947,14.2202835,170.88754,11.218806,2,1800.0,0.6506634,0.7034206741514031
80364730,59248,15193,spec-015193-59248-4594998032.fits,255372,61.453854,14.629663,14.870947,14.2202835,170.88754,11.218806,4,3600.0,0.6506634,0.7034206741514031
80364730,59265,15193,spec-015193-59265-4594998032.fits,276277,59.342346,14.629663,14.870947,14.2202835,170.88754,11.218806,4,3600.0,0.6506634,0.7034206741514031
80364730,59267,15193,spec-015193-59267-4594998032.fits,450319,63.53204,14.629663,14.870947,14.2202835,170.88754,11.218806,5,4500.0,0.6506634,0.7034206741514031
80364730,59268,15193,spec-015193-59268-4594998032.fits,450811,56.34742,14.629663,14.870947,14.2202835,170.88754,11.218806,4,3600.0,0.6506634,0.7034206741514031
80364730,59269,15193,spec-015193-59269-4594998032.fits,637286,67.04754,14.629663,14.870947,14.2202835,170.88754,11.218806,5,4500.0,0.6506634,0.7034206741514031
80364730,59270,15193,spec-015193-59270-4594998032.fits,980135,60.142536,14.629663,14.870947,14.2202835,170.88754,11.218806,4,3600.0,0.6506634,0.7034206741514031
80364730,59271,15193,spec-015193-59271-4594998032.fits,18651,63.067657,14.629663,14.870947,14.2202835,170.88754,11.218806,5,4500.0,0.6506634,0.7034206741514031
80364730,59275,15193,spec-015193-59275-4594998032.fits,294206,71.40898,14.629663,14.870947,14.2202835,170.88754,11.218806,6,5400.0,0.6506634,0.7034206741514031
80364730,59276,15193,spec-015193-59276-4594998032.fits,296159,58.948685,14.629663,14.870947,14.2202835,170.88754,11.218806,4,3600.0,0.6506634,0.7034206741514031
80364730,59277,15193,spec-015193-59277-4594998032.fits,299555,39.828636,14.629663,14.870947,14.2202835,170.88754,11.218806,2,1800.0,0.6506634,0.7034206741514031
80611975,59238,15193,spec-015193-59238-4594994731.fits,246102,41.815887,15.131277,15.327594,14.799124,169.81816,10.600815,2,1800.0,0.52847004,0.6268033026772422
80611975,59243,15193,spec-015193-59243-4594994731.fits,248529,13.200227,15.131277,15.327594,14.799124,169.81816,10.600815,3,2700.0,0.52847004,0.6268033026772422
80611975,59247,15193,spec-015193-59247-4594994731.fits,252911,37.54974,15.131277,15.327594,14.799124,169.81816,10.600815,2,1800.0,0.52847004,0.6268033026772422
80611975,59248,15193,spec-015193-59248-4594994731.fits,255336,59.05836,15.131277,15.327594,14.799124,169.81816,10.600815,4,3600.0,0.52847004,0.6268033026772422
80611975,59265,15193,spec-015193-59265-4594994731.fits,276241,58.84306,15.131277,15.327594,14.799124,169.81816,10.600815,4,3600.0,0.52847004,0.6268033026772422
80611975,59267,15193,spec-015193-59267-4594994731.fits,450283,62.48874,15.131277,15.327594,14.799124,169.81816,10.600815,5,4500.0,0.52847004,0.6268033026772422
80611975,59268,15193,spec-015193-59268-4594994731.fits,450775,55.07603,15.131277,15.327594,14.799124,169.81816,10.600815,4,3600.0,0.52847004,0.6268033026772422
80611975,59269,15193,spec-015193-59269-4594994731.fits,637250,65.969246,15.131277,15.327594,14.799124,169.81816,10.600815,5,4500.0,0.52847004,0.6268033026772422
80611975,59270,15193,spec-015193-59270-4594994731.fits,980099,59.28715,15.131277,15.327594,14.799124,169.81816,10.600815,4,3600.0,0.52847004,0.6268033026772422
80611975,59271,15193,spec-015193-59271-4594994731.fits,18615,60.396225,15.131277,15.327594,14.799124,169.81816,10.600815,5,4500.0,0.52847004,0.6268033026772422
80611975,59275,15193,spec-015193-59275-4594994731.fits,294171,69.06977,15.131277,15.327594,14.799124,169.81816,10.600815,6,5400.0,0.52847004,0.6268033026772422
80611975,59276,15193,spec-015193-59276-4594994731.fits,296124,57.172543,15.131277,15.327594,14.799124,169.81816,10.600815,4,3600.0,0.52847004,0.6268033026772422
80611975,59277,15193,spec-015193-59277-4594994731.fits,299520,38.801804,15.131277,15.327594,14.799124,169.81816,10.600815,2,1800.0,0.52847004,0.6268033026772422
80612147,59238,15193,spec-015193-59238-4594972180.fits,246092,40.047184,15.293079,15.505543,14.930934,169.07162,10.649909,2,1800.0,0.5746088,1.357705477221832
80612147,59243,15193,spec-015193-59243-4594972180.fits,248519,12.335353,15.293079,15.505543,14.930934,169.07162,10.649909,3,2700.0,0.5746088,1.357705477221832
80612147,59247,15193,spec-015193-59247-4594972180.fits,252902,35.087845,15.293079,15.505543,14.930934,169.07162,10.649909,2,1800.0,0.5746088,1.357705477221832
80612147,59248,15193,spec-015193-59248-4594972180.fits,255327,57.878937,15.293079,15.505543,14.930934,169.07162,10.649909,4,3600.0,0.5746088,1.357705477221832
80612147,59265,15193,spec-015193-59265-4594972180.fits,276231,56.882637,15.293079,15.505543,14.930934,169.07162,10.649909,4,3600.0,0.5746088,1.357705477221832
80612147,59267,15193,spec-015193-59267-4594972180.fits,450273,58.799175,15.293079,15.505543,14.930934,169.07162,10.649909,5,4500.0,0.5746088,1.357705477221832
80612147,59268,15193,spec-015193-59268-4594972180.fits,450765,52.127743,15.293079,15.505543,14.930934,169.07162,10.649909,4,3600.0,0.5746088,1.357705477221832
80612147,59269,15193,spec-015193-59269-4594972180.fits,637240,63.281662,15.293079,15.505543,14.930934,169.07162,10.649909,5,4500.0,0.5746088,1.357705477221832
80612147,59270,15193,spec-015193-59270-4594972180.fits,980089,56.940247,15.293079,15.505543,14.930934,169.07162,10.649909,4,3600.0,0.5746088,1.357705477221832
80612147,59271,15193,spec-015193-59271-4594972180.fits,18605,56.78734,15.293079,15.505543,14.930934,169.07162,10.649909,5,4500.0,0.5746088,1.357705477221832
80612147,59275,15193,spec-015193-59275-4594972180.fits,294161,64.40505,15.293079,15.505543,14.930934,169.07162,10.649909,6,5400.0,0.5746088,1.357705477221832
80612147,59276,15193,spec-015193-59276-4594972180.fits,296114,54.183628,15.293079,15.505543,14.930934,169.07162,10.649909,4,3600.0,0.5746088,1.357705477221832
80612147,59277,15193,spec-015193-59277-4594972180.fits,299510,35.951504,15.293079,15.505543,14.930934,169.07162,10.649909,2,1800.0,0.5746088,1.357705477221832
