sdss_id,period_seconds,discovery_delta,validation_delta,prediction_gain,family_tail,known_control
57772249,676.3548902250778,1021.5891567124055,204.43300335801254,202.34374730111864,3.3479308847736614e-39,GALEX J0718+3731; published11.27-minute rotator
89742308,6127.243541400159,200.36749169497352,119.39390133898814,61.28581651805439,5.757057910330501e-21,
89728490,416.2430766158348,237.20025191280206,85.11666688747948,82.08795743635903,1.1463358340947402e-13,ZTF J1901+1458; published416.24-second rotator
71014078,12546.682945318758,154.73080098350374,67.23156216284846,64.74435564309118,6.969729033318601e-10,
65258778,296469.3727882832,149.9893293119062,53.03843332804621,33.75488276348551,6.692318365347867e-07,
57829633,2917.7444841630504,225.96551729123144,49.596996295455966,27.55575209941742,3.5061743342382935e-06,
56679906,477806.55186247494,161.2634322174165,47.20250512464668,37.79993233342731,1.107014865329818e-05,
61247086,19968.90223999255,199.4026233723548,44.527146759808716,-16.302895297580903,3.988589536179926e-05,
109631850,680.1403268274295,107.0582488819893,34.82261966803625,31.812745512986567,0.004041465631684237,WD J1459-0411; published680.1-second rotator (pilot rediscovery)
80364427,7044.361073244206,231.82880185931725,33.56819578470886,25.57839089249336,0.007309383169432591,
61937933,2554541.2172980797,49.12712528410316,33.4866963038921,26.776336798781273,0.000428101033233138,
79252920,5305.569074147065,97.59420053738882,32.22750806758103,28.962382179640485,0.013750573543869302,
56215388,1598.8473806897466,71.5415022427012,22.04722087390249,12.321455502526419,1.0,
115094299,316.1690025089436,42.87186250935201,19.343388326995807,7.1269051736792335,1.0,
78838755,4559.822619069209,60.38547316918465,19.214587541144553,16.933096809708132,1.0,
71864967,83347.49756459301,55.21384745132764,19.121483919003225,18.391270615718184,0.5635241220707015,
71013436,255.15243474132683,44.661096429287795,19.096740807518188,15.436857227596363,1.0,
67207077,86368.29153312462,101.65806679108164,16.912216985607074,-12.93436794763943,1.0,
87230816,86192.43685638605,96.90069637384977,16.13995975931286,0.48944939405697596,1.0,
56083484,311.07980321083267,37.057213607854464,15.949206365428722,-4.138048355703631,1.0,
116557768,61.02020477698952,36.275944401122615,13.183361233490587,12.65162911537891,1.0,
62959584,179.44807637542982,34.46733861983648,11.692837218743762,-17.002758134755936,1.0,
61206487,43057.309810105195,62.87641812230322,11.250850129659057,-44.33937892354777,1.0,
55815824,2909.545283190563,37.65662889566704,11.217145796421462,0.23567599468276512,1.0,
56083321,3108.083821436157,65.18302739108526,11.051053249731012,8.307330815388013,1.0,
79365437,205.91907200723745,36.65240503749362,10.7515446043693,3.8398487275253217,1.0,
90218488,67.83053415946006,38.04363507659332,10.610373836174745,3.0557636774315142,1.0,
59454497,71.00776402648596,35.327019780592764,9.628409766942127,-29.31353246991773,1.0,
86317305,3014.7876368477077,38.42331697397901,9.610530667922632,-19.032830986577437,1.0,
76755415,342.4550699264423,44.5894748583803,9.400251476904373,-15.7210789352782,1.0,
71619756,86180.6402379969,54.76936850625316,9.226352959996916,3.469168553318127,1.0,
79745562,230.90183701756777,37.36017885371734,9.132266836342723,-6.347888610056913,1.0,
89480864,224.15111287358235,41.87061719299254,9.084255543459221,-21.734304931073723,1.0,
117242886,648.9472151605087,48.17592111748104,8.844608721275563,-16.418321018802487,1.0,
101359381,99.23240383115363,35.89087237355892,8.663540291633453,-0.7808976980674487,1.0,
58890282,84.24997574199682,44.75326393287469,8.61582889391235,-8.747425287785575,1.0,
115232663,64.1845038149412,37.92749212343472,8.471113358541174,-8.125661122779547,1.0,
117441491,300.46565508123183,47.142833691659234,8.297073088008801,-12.16849531967,1.0,
67570994,86240.14879057935,44.534388874245906,8.27777146082326,3.764632621272881,1.0,
116635353,85.21495614443162,40.15827499748434,8.022383442496107,-18.397322377305272,1.0,
80269065,63.60083194544121,41.651754323955515,7.806261931356488,-11.773516868425986,1.0,
70916622,187.70032080276985,35.66054734802651,7.627999890219314,0.9517943162514939,1.0,
79018134,75.48188998258946,33.26799950975834,7.5950239713358485,-4.129698898011156,1.0,
62995072,463.55328487893996,35.67031105281444,7.580294001378888,-18.834843185474483,1.0,
67149232,74.01531895522777,38.622581400194576,7.413302115735462,1.4209273907877673,1.0,
89097625,62.01552773837087,35.50965991043677,7.3484217669158625,-4.152870662425528,1.0,
58364339,85.93562890729211,31.40158485516008,7.194295482574688,-11.506601643558156,1.0,
56645982,100.18118670731918,39.088938712149684,7.184875801396174,-5.63669732671849,1.0,
79184600,770.2326462534177,33.97704609388211,7.152346338143133,-14.005398790521369,1.0,
89557764,308.22520759962526,42.31480755822031,6.950239179609071,-0.7729188229217243,1.0,
80005965,71.08288791862402,47.533185030356435,6.768462313313535,-15.115348858478256,1.0,
67563979,83606.1576714006,38.747115852111165,6.622881216400913,5.378195998133094,1.0,
67825548,327.1838800543122,36.92470266521843,6.61622526954163,-8.521401207076025,1.0,
73075554,66.42277157920874,31.801273177797157,6.606447211516141,-19.56907168573737,1.0,
56947585,69.5413801240929,36.09881310955939,6.569648395371701,-4.933698361373331,1.0,
98290110,75.40814835899597,39.57247786640278,6.513389130589374,-4.616364904845625,1.0,
55186785,65.42072377932351,33.54805175114166,6.477944032074674,-4.032000767646252,1.0,
55917078,100.00261677724836,32.486348690484306,6.443899275968704,-13.76965867543538,1.0,
100517762,193.53300534377348,37.09233830660921,6.2991697156276985,-3.4453569158634707,1.0,
86474523,280.10723879915054,40.01230893410934,6.260289977584819,-18.00796926514556,1.0,
70081904,663.584846100927,39.71112163660803,6.259744526338295,-19.824130706948665,1.0,
79081048,240.93187715945365,32.77929049074794,6.250330209547826,-4.4880898779083225,1.0,
65017758,67.54277559114709,36.74939460521318,6.182699071371985,-19.571095626821204,1.0,
58227667,215.11559124236646,38.389839363906276,6.1682890605897285,2.20153688355461,1.0,
70693392,419.8194804457662,36.010966032980946,6.1410093685688025,-18.298486908652023,1.0,
70141944,311.8525577672613,38.07360298799097,6.021402212080176,2.9001039718637855,1.0,
63766545,89423.85456404589,43.31692269007635,5.958648827628053,-35.70709157808221,1.0,
70363653,1159.2859928556907,42.10043285156951,5.87749297164666,-17.524421008280285,1.0,
70921143,496.9307045901031,35.89397713201015,5.861293569260113,-17.903377263694438,1.0,
79672444,99.6760871598511,33.97580458154215,5.84999703702556,-17.283954213093068,1.0,
70017474,177.23286331890566,37.78729759392991,5.8211476582345085,-10.968589866124034,1.0,
69168869,131.66086152280644,39.048755485945094,5.815770465862215,3.985261924430233,1.0,
75038556,86.43140007218861,36.91579656689396,5.79355471277907,-20.74072809682727,1.0,
67548632,78.17495287048607,41.91710114746502,5.764116056096327,1.362408007929787,1.0,
79170571,69.20200291864201,36.541150986538014,5.69078283375103,-5.453223483058238,1.0,
70357110,292.7464086573401,35.65109870834726,5.647425183970995,0.06239213764123974,1.0,
84324624,70487.33155049806,66.0448768069042,5.621404729234314,-5.087823891382868,1.0,
71872212,62.48153968079398,38.184106276482225,5.613684568713893,-2.5557178250780908,1.0,
65264678,335.86866890527335,36.02392479397258,5.5765585274658065,-7.715015304439362,1.0,
55939696,60.3640053307308,32.621262894849224,5.537919308166096,-5.364433575630045,1.0,
67669279,89.78434577193441,37.71862467365554,5.477086353181846,-1.052105087710629,1.0,
62917920,1121.3586581854267,37.648334904774515,5.421224286840072,-8.365967384514278,1.0,
79307573,274.2646984665148,34.9966094877671,5.416283515108148,-14.666000389282289,1.0,
88188072,88.46212202722492,40.61945693547068,5.369806011920787,-2.659910689901835,1.0,
68426859,595.8785621331986,42.54646444283344,5.368394531345928,-23.050112024190412,1.0,
80122425,138.5688445134453,35.164126520218815,5.363354450008472,-21.707621464111014,1.0,
85488725,437.92069514278796,33.53657965732759,5.336909276616467,-10.287637316773413,1.0,
79088042,93.32534453195423,34.1211747127503,5.240826190193445,-5.4797408077687635,1.0,
115729269,951.6265022713745,31.93201132719321,5.16916471865499,-9.8045781988221,1.0,
68712680,830.640293221183,35.418081671144364,5.134258314127919,-1.993786425761357,1.0,
75914358,73.76905513393346,40.78374683905622,5.12966199241157,-17.038928485594624,1.0,
89992600,72.75339218596301,39.0189940150824,5.028214417501033,-8.808729608777412,1.0,
67201064,4646.551971454216,46.726131172314126,5.016106131113261,-13.598856326495735,1.0,
56286810,188.56352127414988,38.917301100545046,5.00412770224051,-2.391907799833916,1.0,
114747366,451.5936099171749,34.97312570768497,4.983154598417173,-30.362028912947267,1.0,
116283878,110.78647774885664,33.11505346375543,4.959516652440669,3.070368069208101,1.0,
86602351,397.71105452956493,45.156233944761425,4.910960195664302,-16.63150649674199,1.0,
68124467,43161.22526846947,84.80027514302765,4.8997359532822315,-10.899015934956537,1.0,
87103895,103.14145953372409,41.041088782246334,4.871403901977686,-6.126564389195266,1.0,
57037277,86321.89232279123,44.855759730650334,4.847210573273486,-16.150108090579067,1.0,
55380899,125.38967789862929,36.94442726535567,4.8334208981470965,-16.771310084574935,1.0,
58594960,76.10891047820682,37.31857710534496,4.776092908630403,-20.636820752311962,1.0,
67972498,1407278.135377347,36.77238422303276,4.753484772214847,-6.864134757726646,1.0,
86568062,193.615286700158,38.008957578416926,4.749723967581303,-15.613367499557626,1.0,
89149473,25860.069497903976,35.76595988819088,4.730922226532144,2.1837230560360013,1.0,
116274084,2554507.5422610217,74.32825115897458,4.726654384887183,0.6337625611968178,1.0,
62736503,928.6249793963749,37.85506130056979,4.721295889238263,-12.530863264334641,1.0,
117035812,64.8610558303859,41.1387875448072,4.717047286025149,-6.627708846440896,1.0,
76104883,73.86181309842048,38.46496548992286,4.704416463167405,-17.197631727696347,1.0,
79385437,1286.8471525703208,37.29285638401382,4.667106032999413,-15.471440832960582,1.0,
76086660,2692.420909171386,37.373368769420836,4.664176204816442,-10.886339434620709,1.0,
67554314,353.3874456869588,45.70267064802806,4.646412163257196,-11.463166321766494,1.0,
76114064,182.74750875189935,37.153067847672446,4.559605719969227,2.505137531221237,1.0,
94692034,60.52207484270829,35.82049424025615,4.535949760053626,-6.029166956541019,1.0,
80284121,159.77844370546333,33.70780143197828,4.531781177978502,-0.6167836820195873,1.0,
75217866,308.8729136392662,43.34859884852722,4.503381528371108,-13.257685414239575,1.0,
114650782,86.3586155692787,38.060199479808944,4.419353295691735,-10.010174999377625,1.0,
61220554,62.643795440984704,34.772043589850455,4.415708569288313,-11.18401744288542,1.0,
116343574,317.71504357574673,41.692538153946884,4.388608362942847,-11.749031631163888,1.0,
56282874,64.63168756485574,35.25308791143152,4.337126807580802,-2.895762876441438,1.0,
80701937,395.7963697642557,37.52983128323376,4.328071658491808,-5.7804584497972655,1.0,
76530254,81.93122100696218,43.45471141372434,4.324865543704391,-2.3407606691458795,1.0,
101527398,156.62090239057338,37.80127813312333,4.275001039734619,-20.19162780288943,1.0,
76083810,140.54758178950038,36.80980658239872,4.1379861065633605,-15.879679472272827,1.0,
94875880,863.1724148994562,37.865450614551264,4.080003880476909,-5.0946010858457385,1.0,
115724502,1653.6218358535814,33.390583074036954,4.0727585122834284,-11.460493686840891,1.0,
63128870,287.6352644400561,37.27775537384423,4.045692146260535,2.1319733110159405,1.0,
74630513,97.96477064204768,38.802648819540536,4.04278296045652,-8.88551877677105,1.0,
80416257,112.35716768768299,37.041217246151746,4.035003928885942,-0.2791703365126068,1.0,
78936479,67.48531904037725,34.36835006850481,3.960300028603683,-2.4596249274286492,1.0,
65464627,87.7858025110815,37.33793495904183,3.9599576091683275,-10.826232575482607,1.0,
69060410,83.06961935433513,38.219631810306964,3.9460927612460637,-0.9435450799204546,1.0,
67819492,223.787290752248,24.96458004209569,3.9336431901504625,-7.259392084981243,1.0,
61356341,161.51476228396206,41.40838387224528,3.9299261154231147,0.18613518179438415,1.0,
70261664,82.81678511909949,36.090732231992774,3.927082280855558,-17.187124646402452,1.0,
80119314,805.5794139706171,38.68718407932755,3.8634596884331103,-5.848514650604187,1.0,
78947980,103.60725790912515,38.1317364516043,3.853324777728858,-8.77537833693907,1.0,
75754139,81.24672367379036,35.44492024248257,3.8370791370182076,-16.496792723150207,1.0,
63025670,1872.0292416902885,35.66059201900316,3.835862751766399,-1.233964250585359,1.0,
62889403,97.88733292578114,33.36632732649434,3.8269065217228047,-22.8612058261305,1.0,
56191362,82.94325363437555,34.80398995819678,3.7963060005810405,-11.613225523596526,1.0,
109524326,70.18398125648079,37.77506333986213,3.7158055682225495,-29.855316887519223,1.0,
89782846,655.0217228811412,41.0383637352453,3.704664464452037,-5.857569646264039,1.0,
69156149,942.9814626403996,44.44654174640664,3.688871368784362,-29.436290792129398,1.0,
70501607,304.40639632345426,36.77185653916797,3.6826342029040973,-0.37736023901101134,1.0,
90320469,157.2731876134306,38.29871971416378,3.679887409793082,-8.693546810515954,1.0,
71134048,102.82814484491259,38.16342132188754,3.6764313780852262,-21.916074183307842,1.0,
78999072,128.6928182465528,35.92992197857774,3.6761034617121737,-4.514148598973605,1.0,
99816670,78.33260288169951,30.449200297801355,3.6649099745051856,-12.42011280128677,1.0,
76704382,2358.085926361878,33.62662135040728,3.647436396485091,-15.440522250361283,1.0,
67795315,171.54536399407237,40.63558243439866,3.6293544630741508,-5.232177446500771,1.0,
57426677,86437.58383820823,38.3851210393334,3.6210225163348184,1.5113666530116348,1.0,
80164588,1266.9310760602139,34.908242538533955,3.608930679636501,-7.705436906655535,1.0,
80047416,63.15144617990866,33.759086835250514,3.600764879490214,1.3967876226988096,1.0,
89128835,134.58011251726313,37.171697429300366,3.5696352611610678,-8.844044793551234,1.0,
70102486,86.77635963822392,37.64483594919534,3.558215805794049,-1.7317100645327343,1.0,
77445751,86155.8462230957,33.30706837292314,3.521302443693571,-2.0623694981989615,1.0,
79274481,105.87945218122708,36.33125744006719,3.517096258826683,-13.061840557845557,1.0,
55772685,118.99555338638747,44.45173037419511,3.4954847109002287,-13.278061402914233,1.0,
78901534,359.9516257736646,37.710657140801004,3.488850351160295,-8.85626849473681,1.0,
67184761,86189.43037288636,38.69976907654768,3.477804224262229,-15.348294491770389,1.0,
58787823,61.30747845268417,41.55274194943331,3.468985479466255,-3.381703001735332,1.0,
61386525,107.21820638358834,33.07833104441079,3.457001031299967,-3.119593194352859,1.0,
65905383,72.48951186377238,40.39930942287299,3.450124546011409,-15.331774859048863,1.0,
62651722,106.24383010982704,37.364908817560945,3.4229890766285394,-6.6324217431845796,1.0,
86201595,4327.363916760336,37.211020098795416,3.3463639527138582,-10.297219305007985,1.0,
64895203,309.7238218660017,36.79092644891807,3.2050347684352687,-0.202180942373559,1.0,
67840113,132.72104938009798,33.384917441967445,3.1892841759668045,-7.174668023458366,1.0,
58405814,482.06391868691657,39.44487181877503,3.1779460134332567,-6.397156333739758,1.0,
62992073,88.22423555145382,35.53182408002158,3.1560849750792386,-16.42046539390867,1.0,
80562569,3650.296192290683,35.8674021904842,3.154781198017133,-4.771529182105212,1.0,
61224428,7800.8025056763345,35.720059748286076,3.1384102139589913,-10.157506838950667,1.0,
75917415,88.84702573690778,37.738595914064035,3.1095450223074863,-4.972790541663869,1.0,
90286267,141.7542947048532,36.518614538577594,3.104206281787839,-16.956986134963984,1.0,
63107508,243.68848074882447,39.979220921311025,3.0812696605605083,-12.65328354322088,1.0,
61563038,103.66104865471914,34.83119864160881,3.069550390173845,-7.440796972702145,1.0,
80118640,67.06751638097563,37.1860500874152,3.012145565460372,-13.234915406554649,1.0,
75730136,63.098719913742485,37.8536202690002,2.994492181002613,-6.683997599983911,1.0,
68731206,55874.8777246432,45.62188268302475,2.986471583318121,-12.618620957254166,1.0,
114663996,84.52419476393122,38.71919545409855,2.9861317147122577,-21.980340397804866,1.0,
74946891,93.92199539762815,38.67547140064835,2.9810173613159066,-7.970333136373512,1.0,
89932486,1507.7465488664998,35.67922407066931,2.9615234768353957,-18.76000767422778,1.0,
116420217,701.244258343745,27.47772666559547,2.950860704659931,-4.401342422866975,1.0,
69926480,397.2089964534383,32.914896943854046,2.946233993885471,-1.3204982542009418,1.0,
75694787,101.97346722043217,42.494123279099995,2.9411735725805954,-0.39742364210246706,1.0,
56401697,78.72783726920073,39.6257670037171,2.938929125021332,-5.915764375086127,1.0,
71161253,168.2568969773056,36.58114256126942,2.92680897942779,-14.58325165371815,1.0,
62198018,146.48996041746517,31.360052249478485,2.9162948216285827,-3.046248654729027,1.0,
63214104,105.14700445325337,39.44197457288101,2.885868763520307,-19.4764573955307,1.0,
74858700,79.27114257532382,36.11090313150453,2.851799096297526,-3.324232571058957,1.0,
78896575,67.67081730286633,39.82922751466231,2.8507804261197265,-9.175057859963218,1.0,
94895837,134.18071970561286,37.19726229220714,2.8418812169963417,-4.008708314631434,1.0,
94844557,266.3316496937542,35.6733338468232,2.841608156435825,-2.9418363053731014,1.0,
60956312,2069.337804218654,40.2638229918507,2.841487113174594,-16.205819083561437,1.0,
56505460,129.84564574174496,37.748966038908065,2.7955700091603717,-13.648518410837852,1.0,
76254700,95.03110162002119,36.92469323095975,2.770990885576026,-0.07648629810695695,1.0,
68422130,69.76389877040639,37.39131485922326,2.752721170291352,-7.164716162618788,1.0,
76155516,364.8787507328792,34.51221151051959,2.7263882275989317,-4.211118298853108,1.0,
90199616,20273.940896403663,39.84328000167852,2.7257626452926615,-8.428506504902884,1.0,
78672688,2253.9535508809736,32.545267262112816,2.7229924155109444,-19.21907716968785,1.0,
75306024,209.72590554384757,37.48758596280186,2.7180727202917296,-12.000955859756743,1.0,
75694282,370.7451624089539,37.684894109670836,2.71477790146659,-7.682953811843191,1.0,
63598537,86099.25938767295,64.81399276727666,2.678325229561011,-13.111146927862364,1.0,
63317491,151.0733173326841,37.62668903988879,2.6735407178498463,-3.5178422872781994,1.0,
62243776,184.5191684247564,30.093673021350583,2.6501704262600327,-0.41657092998188716,1.0,
57731713,665.9490625614513,38.14669115384845,2.645663903850277,-2.9818027467104002,1.0,
68331598,43880.37705018647,67.24081504069682,2.6445000139312924,-18.45750501729293,1.0,
94904946,73.71224476847883,40.96977606796224,2.611698493117956,-21.22754995868837,1.0,
68468529,439.2493903440883,34.179589362323895,2.6062106367735396,-6.320734295576472,1.0,
62652175,1235.4707221624567,32.46806329725132,2.546743272279116,-6.038595701519512,1.0,
73480084,66.31614451533292,38.16392941927484,2.5414857595526996,-14.548134091543147,1.0,
87729398,68.41989922322084,39.58686135943367,2.5326567673872944,-25.5314013474906,1.0,
79065593,459.1154708199116,39.6952970399858,2.5290881249632378,-24.61672040122579,1.0,
62786042,140.3916866163414,39.04438323626721,2.512580849889474,-8.341161472859142,1.0,
69528750,104.97037189648424,32.87734527308106,2.4893743663585184,-4.753128667335702,1.0,
80006147,319.2425986284448,38.051871763561394,2.447575741598314,-12.666689132355316,1.0,
89964796,86.81472326663058,36.95631327041315,2.420294712171142,-19.458746375330122,1.0,
89127038,86171.75903858425,38.153891771828285,2.3910086004814843,-31.621863610354524,1.0,
114981621,74.99289881455823,36.63914992907394,2.3896065733143814,-2.7813688076081746,1.0,
87917325,821.5632811836268,35.03502073900813,2.3711122927769566,-69.22339061342564,1.0,
89905789,149.06651540733537,40.271169076873775,2.357938794912968,-16.21899313517082,1.0,
86742313,395.36635065602235,37.361688220289125,2.3547585644437277,-13.927743463425486,1.0,
56167454,541.3900315127959,33.94030291636716,2.3297846152020156,-4.631465185832155,1.0,
57904031,88.50070999908827,37.58326020343475,2.3282259144359045,-4.74167798035171,1.0,
67251506,60.390243677051295,31.156151131216575,2.2538074001653854,-3.0810541033539494,1.0,
70088927,73.53736624583475,33.59122544725881,2.2399900048347092,-2.911167745060567,1.0,
86751463,119.5815475746246,39.798515753107495,2.203612195860842,-8.247979800476742,1.0,
89672558,72.50337679635497,44.111329939993084,2.200447985794881,-10.627624341564342,1.0,
89509550,17326.279355006558,47.80307965450993,2.1882933884015756,-5.998449170895583,1.0,
94376953,60.91593603750167,34.46505063497244,2.1565953323226097,-10.07079353001501,1.0,
79815331,75.89072834274646,37.02889412227438,2.1555152682755363,-12.837431151286836,1.0,
55927487,280.0632568247452,34.53373645695035,2.1492305650721732,-8.231457122018867,1.0,
65022748,86173.08465651206,99.8511077716662,2.0986359169364732,-29.212010484280427,1.0,
77482722,89.2816332317881,35.811786993237774,2.053726416090626,-25.16976440849396,1.0,
78995986,151.85468805056203,37.56255734340357,2.048917001846263,-28.45850467500017,1.0,
77081980,1200.9095798315523,36.54572285847871,2.018740071384144,-12.547916347725334,1.0,
94904644,97.03693578715017,38.91885651716211,2.0135387729762897,-13.52393260734624,1.0,
54466325,645.9537275454787,35.56129373346448,1.9684313125613642,-4.23083690842185,1.0,
69033605,86144.9212069465,59.17115162864775,1.9649506931893939,-14.040085103951583,1.0,
77433136,3745.70124206989,40.933957231685326,1.957742895071533,-16.79632429703065,1.0,
94447419,99.8990022952122,36.311568357934334,1.9444395496425386,-0.8317337855745706,1.0,
86657447,71.91648733910218,39.039240981655894,1.9116619309025964,-17.486043482179923,1.0,
75256973,69.66027023011864,36.18762879846736,1.8956365113355673,-8.027034234576519,1.0,
75824122,258.77206030493835,37.28032112282972,1.8821337349761507,-3.673773245034056,1.0,
75831511,464.9519841230771,36.57319003653822,1.8759500164554765,-10.546921755113942,1.0,
86275279,27909.112224086708,44.71970445570366,1.8148506697552023,-5.899816141589298,1.0,
86413029,511.33635975234,61.482327456431904,1.8092576482128493,-8.898822390397527,1.0,
62442776,81.68321010174743,40.365412041275704,1.809116314375558,-10.824023829140742,1.0,
70157423,3388.049308327493,36.82387920714166,1.79233789592638,-4.4529363668679025,1.0,
71467910,398.80360498991496,34.18452413844636,1.7796554059002574,-12.427595373523616,1.0,
115261597,698.4346077219654,35.781592743084275,1.7792288758541872,-9.559460211166083,1.0,
68457878,452.7562874396648,37.66309961323873,1.7130648992335864,-13.534456543925671,1.0,
87404924,81.96360960100736,31.064986612106168,1.6883630319832719,-6.500229853831968,1.0,
87797681,464.2255608478961,45.2441118064346,1.6658968925984254,-2.9128607174997114,1.0,
109044063,84.27628175645437,32.952532332732005,1.6643723806034956,-9.010626296264384,1.0,
99960695,566487.750951183,37.91199938183502,1.6578622700716537,-8.920432866797945,1.0,
71433608,87.34737656451587,31.91968946490033,1.6341997719824235,-12.374505293623997,1.0,
76649246,87.58363803041532,23.959329128628326,1.6310822656057695,-3.830387868285584,1.0,
64816815,448.98423457331614,49.03852575013616,1.6174707352841438,-16.165138269486874,1.0,
76530145,90.76796273106213,37.31678388930459,1.5821771953356745,-13.25226607671621,1.0,
71417064,123.60148194898126,34.546547572319014,1.554044615010696,-11.871310168686705,1.0,
61891810,66.01000532683678,37.38873865486494,1.547976190624297,-0.31691313486646777,1.0,
78843739,66.88908166327563,38.77132200633446,1.5412325841555514,-17.82190488209301,1.0,
70422214,86186.21196119656,39.04785895051805,1.5008714154137408,-5.7782349711873735,1.0,
63596789,106.92626705763023,36.34581209110638,1.4922316986151145,-13.31690949341629,1.0,
73345302,85.71623610543752,39.130764546213754,1.4868715143594642,-4.398244050314261,1.0,
69049482,154.2794481015087,38.076038541117214,1.4530466559193087,-16.667392150163778,1.0,
68504895,8969.3057457922,39.73234435765539,1.4099910857068494,-9.852426916835839,1.0,
69740054,430.08358119688165,35.876373724855625,1.4004489165112375,-5.045432115632934,1.0,
57071773,156.28054211333097,33.57345350856326,1.380690056817798,-6.142377301351701,1.0,
56484766,200.70726402160594,36.48167925612256,1.3634885927671405,-4.62593327234336,1.0,
71241565,70.89788372112602,36.14445390621961,1.3521584759818666,-6.679863236746826,1.0,
64867327,275.01217245796994,40.91866908616498,1.3400413992633844,-12.785687882042907,1.0,
62961897,105.61293311167357,42.2835301119153,1.3376110330156052,-24.153110021814342,1.0,
89907764,234.17641236344315,36.43680671146694,1.2743892907097916,-18.432811092903876,1.0,
71097068,77.47878498862396,35.94414901327514,1.230373523094073,-13.613371937527063,1.0,
57303462,563.981411359002,29.71903721464855,1.1811320545374144,-0.6127964077926151,1.0,
54848541,1202.8655588673341,30.374706641958596,1.1763879149190757,-6.722985772984941,1.0,
56038360,143.92764631595705,22.44738616596021,1.1673270576256414,-6.9140731667556565,1.0,
78921678,60.04100695329927,37.66769599049917,1.1625364317067124,-21.9666779259438,1.0,
55433943,102.27804622093542,39.617123027974,1.1588279210390624,-5.0495053740352205,1.0,
101532055,226.1806676350665,36.13325203291578,1.1548104128594616,-15.668920098903314,1.0,
62201057,86430.96399693417,41.58938774033231,1.1497755294857086,-4.841101407278757,1.0,
115760863,79.54720544143933,32.49014199451153,1.0788657854841972,-12.758676659842706,1.0,
75679448,945.7446125903723,32.10111048347494,1.0578038197274395,-3.648635910252281,1.0,
79877372,196.8403897370499,33.33475458542017,1.032825669941431,-2.3319044661354553,1.0,
79154976,80.9495452072416,41.742886640003064,1.0038898180983153,-7.111827615879548,1.0,
80474157,108.90487765554654,38.110513449900736,1.000285052453421,-4.8497800530763016,1.0,
75268132,446.99062451006597,36.740137150829696,0.927990025338687,-8.762416829388371,1.0,
74356615,320.7784254375783,37.85455622474592,0.9255011245701326,-5.893805579238858,1.0,
79742253,124.1955507448689,35.894492694762675,0.9240348859656393,-11.311129771449131,1.0,
69193017,60.073230892371456,38.01660368772127,0.8993245319410335,-10.983836295378751,1.0,
76823202,43882.27426506385,51.73829356589681,0.8881407350164636,-4.343627428198602,1.0,
63357807,73.83972244106789,36.40681067655646,0.8248295719513408,-6.2622582391685455,1.0,
70499152,90.27727042826393,38.62273516928872,0.7830721787087498,-4.827537722501745,1.0,
71793984,318.4886982141488,36.715660808447865,0.7754870417707025,-8.728277527251521,1.0,
78657051,72.05013887471326,33.16244868206104,0.7603072566906945,-8.78198495247419,1.0,
79424029,534.1431947128123,34.695491091928716,0.7170093268140647,-12.295801499254793,1.0,
116692803,3013.19478370186,39.38392825070537,0.7101503828982345,-14.426851380142011,1.0,
68096908,29102.919686939233,40.202176138344385,0.7027777594356621,-12.096344433962997,1.0,
68687212,126.72642159461829,33.98723655609854,0.6521624855814707,-4.239555169326906,1.0,
89993902,627.7127961905524,32.4109822592784,0.6516546865180999,-4.8989572222719175,1.0,
71387925,304.80830904293464,24.6673929272861,0.6435914514288399,-6.176272076800913,1.0,
68508124,69.7215531806425,34.53409479174911,0.5188908287814229,-6.758535656111462,1.0,
76252702,222.5131825784537,40.88640859866382,0.5074372524034629,-9.587725152604548,1.0,
79656677,1421.2313521787787,38.230753626695616,0.4843224795788501,-21.170049026655988,1.0,
78776621,128.8450837615971,34.38767181603282,0.4802433949545559,-12.539108471820924,1.0,
60854974,216.7947873003837,27.03041336304659,0.46476155378354633,-7.008173964200182,1.0,
55928207,506.1755635151206,40.70824044355322,0.4498628599888548,-7.8493060266500265,1.0,
86179829,101.73291985332754,30.448019693416143,0.3750236093031276,-9.808314890321,1.0,
76727617,517.5925223511906,32.29753745292419,0.36709099055985916,-46.52474126939114,1.0,
87504241,92.73562658194646,34.85727705690283,0.33394636076363327,-8.67122466442865,1.0,
62654998,754.0656630156807,22.848338976220475,0.33302490795747985,-3.8171835817493474,1.0,
76163048,192.7054107737296,38.466798876950975,0.2988767397366132,-7.261867946820701,1.0,
76176037,91.41565949050567,36.14691761875258,0.29876773813276714,-9.958176900679348,1.0,
69054084,219.77230535418946,41.510822176700685,0.2561011855788138,-11.615842579437583,1.0,
70366244,174.31634967519673,34.73945084443574,0.22923142423783816,-10.998822375207766,1.0,
69472918,111.29671840219366,39.09296745611846,0.0628029684247764,-9.198880390850377,1.0,
